{
  "amp": true,
  "batch": 16,
  "branches": {
    "one2many": {
      "by_ar": {
        "2to3": {
          "best_candidate_iou_mean": 0.8351556159822004,
          "best_candidate_iou_median": 0.8572943806648254,
          "best_class_score_mean": 0.43088765375848326,
          "best_class_score_median": 0.421142578125,
          "gt_count": 896,
          "outcome_rates": {
            "both_adequate": 0.8638392857142857,
            "both_low": 0.0011160714285714285,
            "iou_adequate_score_low": 0.13504464285714285,
            "iou_low_score_adequate": 0.0
          },
          "positive_count_mean": 9.806919642857142,
          "positive_count_median": 10.0,
          "zero_positive_count": 0,
          "zero_positive_rate": 0.0
        },
        "3to5": {
          "best_candidate_iou_mean": 0.8270273395458331,
          "best_candidate_iou_median": 0.8426876068115234,
          "best_class_score_mean": 0.39708669611949793,
          "best_class_score_median": 0.3665771484375,
          "gt_count": 906,
          "outcome_rates": {
            "both_adequate": 0.8675496688741722,
            "both_low": 0.0,
            "iou_adequate_score_low": 0.13245033112582782,
            "iou_low_score_adequate": 0.0
          },
          "positive_count_mean": 9.785871964679911,
          "positive_count_median": 10.0,
          "zero_positive_count": 0,
          "zero_positive_rate": 0.0
        },
        "5to8": {
          "best_candidate_iou_mean": 0.8041278767434856,
          "best_candidate_iou_median": 0.8233354687690735,
          "best_class_score_mean": 0.31536437982245336,
          "best_class_score_median": 0.26904296875,
          "gt_count": 395,
          "outcome_rates": {
            "both_adequate": 0.8278481012658228,
            "both_low": 0.0,
            "iou_adequate_score_low": 0.17215189873417722,
            "iou_low_score_adequate": 0.0
          },
          "positive_count_mean": 9.936708860759493,
          "positive_count_median": 10,
          "zero_positive_count": 0,
          "zero_positive_rate": 0.0
        },
        "ge8": {
          "best_candidate_iou_mean": 0.7372716862137301,
          "best_candidate_iou_median": 0.7667084336280823,
          "best_class_score_mean": 0.26017534645804524,
          "best_class_score_median": 0.202392578125,
          "gt_count": 137,
          "outcome_rates": {
            "both_adequate": 0.7518248175182481,
            "both_low": 0.0072992700729927005,
            "iou_adequate_score_low": 0.22627737226277372,
            "iou_low_score_adequate": 0.014598540145985401
          },
          "positive_count_mean": 9.985401459854014,
          "positive_count_median": 10,
          "zero_positive_count": 0,
          "zero_positive_rate": 0.0
        },
        "lt2": {
          "best_candidate_iou_mean": 0.8594958598306996,
          "best_candidate_iou_median": 0.8795328736305237,
          "best_class_score_mean": 0.43635080791646524,
          "best_class_score_median": 0.446533203125,
          "gt_count": 2666,
          "outcome_rates": {
            "both_adequate": 0.890847711927982,
            "both_low": 0.00037509377344336085,
            "iou_adequate_score_low": 0.10877719429857464,
            "iou_low_score_adequate": 0.0
          },
          "positive_count_mean": 9.911477869467367,
          "positive_count_median": 10.0,
          "zero_positive_count": 1,
          "zero_positive_rate": 0.00037509377344336085
        }
      },
      "by_class": {
        "D00": {
          "best_candidate_iou_mean": 0.8346887649428536,
          "best_candidate_iou_median": 0.8541604280471802,
          "best_class_score_mean": 0.28756347699171225,
          "best_class_score_median": 0.24658203125,
          "gt_count": 811,
          "outcome_rates": {
            "both_adequate": 0.813810110974106,
            "both_low": 0.002466091245376079,
            "iou_adequate_score_low": 0.18372379778051787,
            "iou_low_score_adequate": 0.0
          },
          "positive_count_mean": 9.897657213316892,
          "positive_count_median": 10,
          "zero_positive_count": 0,
          "zero_positive_rate": 0.0
        },
        "D10": {
          "best_candidate_iou_mean": 0.7968655491420548,
          "best_candidate_iou_median": 0.8157784938812256,
          "best_class_score_mean": 0.22463708388911421,
          "best_class_score_median": 0.175537109375,
          "gt_count": 787,
          "outcome_rates": {
            "both_adequate": 0.7916137229987293,
            "both_low": 0.0012706480304955528,
            "iou_adequate_score_low": 0.2071156289707751,
            "iou_low_score_adequate": 0.0
          },
          "positive_count_mean": 9.986022871664549,
          "positive_count_median": 10,
          "zero_positive_count": 0,
          "zero_positive_rate": 0.0
        },
        "D20": {
          "best_candidate_iou_mean": 0.8538297214326441,
          "best_candidate_iou_median": 0.8702097833156586,
          "best_class_score_mean": 0.45140677835411924,
          "best_class_score_median": 0.46728515625,
          "gt_count": 1234,
          "outcome_rates": {
            "both_adequate": 0.9108589951377634,
            "both_low": 0.0,
            "iou_adequate_score_low": 0.08914100486223663,
            "iou_low_score_adequate": 0.0
          },
          "positive_count_mean": 9.952188006482983,
          "positive_count_median": 10.0,
          "zero_positive_count": 0,
          "zero_positive_rate": 0.0
        },
        "D40": {
          "best_candidate_iou_mean": 0.8133222448825836,
          "best_candidate_iou_median": 0.8381400108337402,
          "best_class_score_mean": 0.3320855536180384,
          "best_class_score_median": 0.2958984375,
          "gt_count": 425,
          "outcome_rates": {
            "both_adequate": 0.8470588235294118,
            "both_low": 0.0,
            "iou_adequate_score_low": 0.15294117647058825,
            "iou_low_score_adequate": 0.0
          },
          "positive_count_mean": 9.783529411764706,
          "positive_count_median": 10,
          "zero_positive_count": 1,
          "zero_positive_rate": 0.002352941176470588
        },
        "D43": {
          "best_candidate_iou_mean": 0.8965524979259657,
          "best_candidate_iou_median": 0.9231042265892029,
          "best_class_score_mean": 0.6540375101393547,
          "best_class_score_median": 0.783935546875,
          "gt_count": 138,
          "outcome_rates": {
            "both_adequate": 0.9130434782608695,
            "both_low": 0.0,
            "iou_adequate_score_low": 0.08695652173913043,
            "iou_low_score_adequate": 0.0
          },
          "positive_count_mean": 9.927536231884059,
          "positive_count_median": 10.0,
          "zero_positive_count": 0,
          "zero_positive_rate": 0.0
        },
        "D44": {
          "best_candidate_iou_mean": 0.891240830704179,
          "best_candidate_iou_median": 0.9107469320297241,
          "best_class_score_mean": 0.5463602141888139,
          "best_class_score_median": 0.6162109375,
          "gt_count": 877,
          "outcome_rates": {
            "both_adequate": 0.9258836944127709,
            "both_low": 0.0,
            "iou_adequate_score_low": 0.07411630558722919,
            "iou_low_score_adequate": 0.0
          },
          "positive_count_mean": 9.960091220068415,
          "positive_count_median": 10,
          "zero_positive_count": 0,
          "zero_positive_rate": 0.0
        },
        "D50": {
          "best_candidate_iou_mean": 0.8227236772999986,
          "best_candidate_iou_median": 0.8517644703388214,
          "best_class_score_mean": 0.538144666169371,
          "best_class_score_median": 0.61962890625,
          "gt_count": 728,
          "outcome_rates": {
            "both_adequate": 0.9065934065934066,
            "both_low": 0.0,
            "iou_adequate_score_low": 0.09065934065934066,