{
  "amp": true,
  "batch": 16,
  "branches": {
    "one2many": {
      "by_ar": {
        "2to3": {
          "best_candidate_iou_mean": 0.764568644625667,
          "best_candidate_iou_median": 0.7934894859790802,
          "best_class_score_mean": 0.005182461014815739,
          "best_class_score_median": 0.0027141571044921875,
          "gt_count": 896,
          "outcome_rates": {
            "both_adequate": 0.005580357142857143,
            "both_low": 0.005580357142857143,
            "iou_adequate_score_low": 0.9888392857142857,
            "iou_low_score_adequate": 0.0
          },
          "positive_count_mean": 9.768973214285714,
          "positive_count_median": 10.0,
          "zero_positive_count": 0,
          "zero_positive_rate": 0.0
        },
        "3to5": {
          "best_candidate_iou_mean": 0.6859813371455301,
          "best_candidate_iou_median": 0.7150137424468994,
          "best_class_score_mean": 0.005551355037731314,
          "best_class_score_median": 0.00234222412109375,
          "gt_count": 906,
          "outcome_rates": {
            "both_adequate": 0.006622516556291391,
            "both_low": 0.023178807947019868,
            "iou_adequate_score_low": 0.9701986754966887,
            "iou_low_score_adequate": 0.0
          },
          "positive_count_mean": 9.737306843267108,
          "positive_count_median": 10.0,
          "zero_positive_count": 0,
          "zero_positive_rate": 0.0
        },
        "5to8": {
          "best_candidate_iou_mean": 0.5498231506234483,
          "best_candidate_iou_median": 0.5364381074905396,
          "best_class_score_mean": 0.0029757843741887733,
          "best_class_score_median": 0.0021076202392578125,
          "gt_count": 395,
          "outcome_rates": {
            "both_adequate": 0.0,
            "both_low": 0.10126582278481013,
            "iou_adequate_score_low": 0.8987341772151899,
            "iou_low_score_adequate": 0.0
          },
          "positive_count_mean": 9.90379746835443,
          "positive_count_median": 10,
          "zero_positive_count": 0,
          "zero_positive_rate": 0.0
        },
        "ge8": {
          "best_candidate_iou_mean": 0.44545647404054656,
          "best_candidate_iou_median": 0.40814319252967834,
          "best_class_score_mean": 0.002498503148990826,
          "best_class_score_median": 0.0022335052490234375,
          "gt_count": 137,
          "outcome_rates": {
            "both_adequate": 0.0,
            "both_low": 0.27007299270072993,
            "iou_adequate_score_low": 0.7299270072992701,
            "iou_low_score_adequate": 0.0
          },
          "positive_count_mean": 9.97080291970803,
          "positive_count_median": 10,
          "zero_positive_count": 0,
          "zero_positive_rate": 0.0
        },
        "lt2": {
          "best_candidate_iou_mean": 0.7855173443672537,
          "best_candidate_iou_median": 0.80734983086586,
          "best_class_score_mean": 0.01273534647611774,
          "best_class_score_median": 0.0032663345336914062,
          "gt_count": 2666,
          "outcome_rates": {
            "both_adequate": 0.04876219054763691,
            "both_low": 0.004126031507876969,
            "iou_adequate_score_low": 0.9471117779444861,
            "iou_low_score_adequate": 0.0
          },
          "positive_count_mean": 9.892348087021755,
          "positive_count_median": 10.0,
          "zero_positive_count": 2,
          "zero_positive_rate": 0.0007501875468867217
        }
      },
      "by_class": {
        "D00": {
          "best_candidate_iou_mean": 0.7290459705192858,
          "best_candidate_iou_median": 0.7375242114067078,
          "best_class_score_mean": 0.0024349095642052215,
          "best_class_score_median": 0.0023059844970703125,
          "gt_count": 811,
          "outcome_rates": {
            "both_adequate": 0.0,
            "both_low": 0.004932182490752158,
            "iou_adequate_score_low": 0.9950678175092479,
            "iou_low_score_adequate": 0.0
          },
          "positive_count_mean": 9.872996300863132,
          "positive_count_median": 10,
          "zero_positive_count": 1,
          "zero_positive_rate": 0.0012330456226880395
        },
        "D10": {
          "best_candidate_iou_mean": 0.517116384554697,
          "best_candidate_iou_median": 0.5098555684089661,
          "best_class_score_mean": 0.0017750242007884471,
          "best_class_score_median": 0.0019044876098632812,
          "gt_count": 787,
          "outcome_rates": {
            "both_adequate": 0.0,
            "both_low": 0.11435832274459974,
            "iou_adequate_score_low": 0.8856416772554002,
            "iou_low_score_adequate": 0.0
          },
          "positive_count_mean": 9.955527318932656,
          "positive_count_median": 10,
          "zero_positive_count": 0,
          "zero_positive_rate": 0.0
        },
        "D20": {
          "best_candidate_iou_mean": 0.7790924649522603,
          "best_candidate_iou_median": 0.7981747686862946,
          "best_class_score_mean": 0.0037097436295915848,
          "best_class_score_median": 0.0032033920288085938,
          "gt_count": 1234,
          "outcome_rates": {
            "both_adequate": 0.0008103727714748784,
            "both_low": 0.0,
            "iou_adequate_score_low": 0.9991896272285251,
            "iou_low_score_adequate": 0.0
          },
          "positive_count_mean": 9.95542949756888,
          "positive_count_median": 10.0,
          "zero_positive_count": 0,
          "zero_positive_rate": 0.0
        },
        "D40": {
          "best_candidate_iou_mean": 0.7350319067169638,
          "best_candidate_iou_median": 0.7607998251914978,
          "best_class_score_mean": 0.0022213080350090477,
          "best_class_score_median": 0.00206756591796875,
          "gt_count": 425,
          "outcome_rates": {
            "both_adequate": 0.0,
            "both_low": 0.021176470588235293,
            "iou_adequate_score_low": 0.9788235294117648,
            "iou_low_score_adequate": 0.0
          },
          "positive_count_mean": 9.76235294117647,
          "positive_count_median": 10,
          "zero_positive_count": 0,
          "zero_positive_rate": 0.0
        },
        "D43": {
          "best_candidate_iou_mean": 0.7671180544556051,
          "best_candidate_iou_median": 0.8030276000499725,
          "best_class_score_mean": 0.010096128436102383,
          "best_class_score_median": 0.00817108154296875,
          "gt_count": 138,
          "outcome_rates": {
            "both_adequate": 0.0,
            "both_low": 0.007246376811594203,
            "iou_adequate_score_low": 0.9927536231884058,
            "iou_low_score_adequate": 0.0
          },
          "positive_count_mean": 9.934782608695652,
          "positive_count_median": 10.0,
          "zero_positive_count": 0,
          "zero_positive_rate": 0.0
        },
        "D44": {
          "best_candidate_iou_mean": 0.8338784646824801,
          "best_candidate_iou_median": 0.8641923069953918,
          "best_class_score_mean": 0.03348165335921632,
          "best_class_score_median": 0.01242828369140625,
          "gt_count": 877,
          "outcome_rates": {
            "both_adequate": 0.1516533637400228,
            "both_low": 0.002280501710376283,
            "iou_adequate_score_low": 0.8460661345496009,
            "iou_low_score_adequate": 0.0
          },
          "positive_count_mean": 9.92018244013683,
          "positive_count_median": 10,
          "zero_positive_count": 1,
          "zero_positive_rate": 0.0011402508551881414
        },
        "D50": {
          "best_candidate_iou_mean": 0.7826377399429515,
          "best_candidate_iou_median": 0.8213133811950684,
          "best_class_score_mean": 0.007545281897534381,
          "best_class_score_median": 0.0032415390014648438,
          "gt_count": 728,
          "outcome_rates": {
            "both_adequate": 0.009615384615384616,